"	瘤痢锅龋",瘤痢疙,老矫,碍荐樊(mm),1矫埃弥促碍荐樊(mm),1矫埃弥促碍荐樊矫阿
"	192",柳林,2016-01-01,,,
"	192",柳林,2016-01-02,,,
"	192",柳林,2016-01-03,,,
"	192",柳林,2016-01-04,,,
"	192",柳林,2016-01-05,0,,
"	192",柳林,2016-01-06,,,
"	192",柳林,2016-01-07,,,
"	192",柳林,2016-01-08,,,
"	192",柳林,2016-01-09,,,
"	192",柳林,2016-01-10,,,
"	192",柳林,2016-01-11,,,
"	192",柳林,2016-01-12,,,
"	192",柳林,2016-01-13,,,
"	192",柳林,2016-01-14,,,
"	192",柳林,2016-01-15,,,
"	192",柳林,2016-01-16,,,
"	192",柳林,2016-01-17,1.4,,
"	192",柳林,2016-01-18,,,
"	192",柳林,2016-01-19,,,
"	192",柳林,2016-01-20,,,
"	192",柳林,2016-01-21,,,
"	192",柳林,2016-01-22,,,
"	192",柳林,2016-01-23,,,
"	192",柳林,2016-01-24,0.5,,
"	192",柳林,2016-01-25,,,
"	192",柳林,2016-01-26,,,
"	192",柳林,2016-01-27,,,
"	192",柳林,2016-01-28,19.4,,
"	192",柳林,2016-01-29,14.1,,
"	192",柳林,2016-01-30,,,
"	192",柳林,2016-01-31,,,
"	192",柳林,2016-02-01,,,
"	192",柳林,2016-02-02,,,
"	192",柳林,2016-02-03,,,
"	192",柳林,2016-02-04,,,
"	192",柳林,2016-02-05,,,
"	192",柳林,2016-02-06,,,
"	192",柳林,2016-02-07,,,
"	192",柳林,2016-02-08,,,
"	192",柳林,2016-02-09,,,
"	192",柳林,2016-02-10,,,
"	192",柳林,2016-02-11,,,
"	192",柳林,2016-02-12,62.8,,
"	192",柳林,2016-02-13,9.9,,
"	192",柳林,2016-02-14,,,
"	192",柳林,2016-02-15,,,
"	192",柳林,2016-02-16,,,
"	192",柳林,2016-02-17,,,
"	192",柳林,2016-02-18,,,
"	192",柳林,2016-02-19,,,
"	192",柳林,2016-02-20,,,
"	192",柳林,2016-02-21,,,
"	192",柳林,2016-02-22,,,
"	192",柳林,2016-02-23,,,
"	192",柳林,2016-02-24,,,
"	192",柳林,2016-02-25,,,
"	192",柳林,2016-02-26,,,
"	192",柳林,2016-02-27,0.7,,
"	192",柳林,2016-02-28,3,,
"	192",柳林,2016-02-29,,,
"	192",柳林,2016-03-01,,,
"	192",柳林,2016-03-02,,,
"	192",柳林,2016-03-03,0,,
"	192",柳林,2016-03-04,36.1,,
"	192",柳林,2016-03-05,43.1,,
"	192",柳林,2016-03-06,1.3,,
"	192",柳林,2016-03-07,,,
"	192",柳林,2016-03-08,3.3,,
"	192",柳林,2016-03-09,6.8,,
"	192",柳林,2016-03-10,,,
"	192",柳林,2016-03-11,,,
"	192",柳林,2016-03-12,,,
"	192",柳林,2016-03-13,,,
"	192",柳林,2016-03-14,,,
"	192",柳林,2016-03-15,,,
"	192",柳林,2016-03-16,,,
"	192",柳林,2016-03-17,,,
"	192",柳林,2016-03-18,27.6,,
"	192",柳林,2016-03-19,,,
"	192",柳林,2016-03-20,,,
"	192",柳林,2016-03-21,,,
"	192",柳林,2016-03-22,,,
"	192",柳林,2016-03-23,,,
"	192",柳林,2016-03-24,0,,
"	192",柳林,2016-03-25,2.8,,
"	192",柳林,2016-03-26,,,
"	192",柳林,2016-03-27,,,
"	192",柳林,2016-03-28,,,
"	192",柳林,2016-03-29,,,
"	192",柳林,2016-03-30,,,
"	192",柳林,2016-03-31,,,
"	192",柳林,2016-04-01,,,
"	192",柳林,2016-04-02,,,
"	192",柳林,2016-04-03,37.8,5.4,14:29
"	192",柳林,2016-04-04,2.6,1.5,0:35
"	192",柳林,2016-04-05,,,
"	192",柳林,2016-04-06,26.1,8.8,21:41
"	192",柳林,2016-04-07,28.7,7.7,0:01
"	192",柳林,2016-04-08,,,
"	192",柳林,2016-04-09,,,
"	192",柳林,2016-04-10,,,
"	192",柳林,2016-04-11,,,
"	192",柳林,2016-04-12,3.1,1.9,21:37
"	192",柳林,2016-04-13,37.7,9.1,9:46
"	192",柳林,2016-04-14,,,
"	192",柳林,2016-04-15,,,
"	192",柳林,2016-04-16,77.5,25.2,20:42
"	192",柳林,2016-04-17,3.9,3.6,0:14
"	192",柳林,2016-04-18,,,
"	192",柳林,2016-04-19,,,
"	192",柳林,2016-04-20,,,
"	192",柳林,2016-04-21,33.2,5.4,3:23
"	192",柳林,2016-04-22,,,
"	192",柳林,2016-04-23,,,
"	192",柳林,2016-04-24,,,
"	192",柳林,2016-04-25,,,
"	192",柳林,2016-04-26,1.2,0.9,21:41
"	192",柳林,2016-04-27,42.9,7.5,8:28
"	192",柳林,2016-04-28,5,1.7,3:01
"	192",柳林,2016-04-29,,,
"	192",柳林,2016-04-30,,,
"	192",柳林,2016-05-01,,,
"	192",柳林,2016-05-02,0,0,
"	192",柳林,2016-05-03,80.6,20.8,5:53
"	192",柳林,2016-05-04,,,
"	192",柳林,2016-05-05,,,
"	192",柳林,2016-05-06,3.9,1.7,4:03
"	192",柳林,2016-05-07,,,
"	192",柳林,2016-05-08,,,
"	192",柳林,2016-05-09,,,
"	192",柳林,2016-05-10,31.3,5.7,10:06
"	192",柳林,2016-05-11,0.1,0.1,
"	192",柳林,2016-05-12,,,
"	192",柳林,2016-05-13,,,
"	192",柳林,2016-05-14,,,
"	192",柳林,2016-05-15,2.9,2.1,22:23
"	192",柳林,2016-05-16,6,4,3:20
"	192",柳林,2016-05-17,,,
"	192",柳林,2016-05-18,,,
"	192",柳林,2016-05-19,,,
"	192",柳林,2016-05-20,,,
"	192",柳林,2016-05-21,,,
"	192",柳林,2016-05-22,,,
"	192",柳林,2016-05-23,,,
"	192",柳林,2016-05-24,25.6,10.5,10:33
"	192",柳林,2016-05-25,,,
"	192",柳林,2016-05-26,0,0,
"	192",柳林,2016-05-27,0,0,
"	192",柳林,2016-05-28,0,0,
"	192",柳林,2016-05-29,3.5,3.3,6:30
"	192",柳林,2016-05-30,,,
"	192",柳林,2016-05-31,,,
"	192",柳林,2016-06-01,,,
"	192",柳林,2016-06-02,,,
"	192",柳林,2016-06-03,,,
"	192",柳林,2016-06-04,11.1,3.4,14:21
"	192",柳林,2016-06-05,,,
"	192",柳林,2016-06-06,1,0.7,20:50
"	192",柳林,2016-06-07,0,0,
"	192",柳林,2016-06-08,,,
"	192",柳林,2016-06-09,,,
"	192",柳林,2016-06-10,,,
"	192",柳林,2016-06-11,,,
"	192",柳林,2016-06-12,0.1,0.1,
"	192",柳林,2016-06-13,,,
"	192",柳林,2016-06-14,,,
"	192",柳林,2016-06-15,0,0,
"	192",柳林,2016-06-16,0,0,
"	192",柳林,2016-06-17,,,
"	192",柳林,2016-06-18,6,5.4,22:56
"	192",柳林,2016-06-19,1.2,1.2,0:00
"	192",柳林,2016-06-20,5.2,4.6,11:30
"	192",柳林,2016-06-21,2,0.8,9:58
"	192",柳林,2016-06-22,11.8,3.1,12:14
"	192",柳林,2016-06-23,,,
"	192",柳林,2016-06-24,73.6,35.2,5:35
"	192",柳林,2016-06-25,,,
"	192",柳林,2016-06-26,,,
"	192",柳林,2016-06-27,0.1,0.1,
"	192",柳林,2016-06-28,,,
"	192",柳林,2016-06-29,1.7,1.1,2:32
"	192",柳林,2016-06-30,,,
"	192",柳林,2016-07-01,43.1,14.8,12:26
"	192",柳林,2016-07-02,13.9,6.2,14:28
"	192",柳林,2016-07-03,53.8,13.9,16:14
"	192",柳林,2016-07-04,0.5,0.2,6:52
"	192",柳林,2016-07-05,0.1,0.1,
"	192",柳林,2016-07-06,9.3,9,8:32
"	192",柳林,2016-07-07,,,
"	192",柳林,2016-07-08,,,
"	192",柳林,2016-07-09,,,
"	192",柳林,2016-07-10,,,
"	192",柳林,2016-07-11,2.2,1.7,13:14
"	192",柳林,2016-07-12,4.2,1.8,21:07
"	192",柳林,2016-07-13,,,
"	192",柳林,2016-07-14,,,
"	192",柳林,2016-07-15,0,0,
"	192",柳林,2016-07-16,5.5,2.4,10:08
"	192",柳林,2016-07-17,,,
"	192",柳林,2016-07-18,,,
"	192",柳林,2016-07-19,,,
"	192",柳林,2016-07-20,,,
"	192",柳林,2016-07-21,,,
"	192",柳林,2016-07-22,,,
"	192",柳林,2016-07-23,,,
"	192",柳林,2016-07-24,,,
"	192",柳林,2016-07-25,28.4,28.4,13:01
"	192",柳林,2016-07-26,,,
"	192",柳林,2016-07-27,,,
"	192",柳林,2016-07-28,,,
"	192",柳林,2016-07-29,,,
"	192",柳林,2016-07-30,,,
"	192",柳林,2016-07-31,0,0,
"	192",柳林,2016-08-01,1.6,1.6,13:30
"	192",柳林,2016-08-02,10.2,9.7,17:59
"	192",柳林,2016-08-03,0.5,0.5,19:07
"	192",柳林,2016-08-04,,,
"	192",柳林,2016-08-05,,,
"	192",柳林,2016-08-06,,,
"	192",柳林,2016-08-07,,,
"	192",柳林,2016-08-08,0.4,0.4,17:11
"	192",柳林,2016-08-09,0,0,
"	192",柳林,2016-08-10,,,
"	192",柳林,2016-08-11,,,
"	192",柳林,2016-08-12,,,
"	192",柳林,2016-08-13,,,
"	192",柳林,2016-08-14,,,
"	192",柳林,2016-08-15,11,11,16:04
"	192",柳林,2016-08-16,,,
"	192",柳林,2016-08-17,13.9,13.3,16:06
"	192",柳林,2016-08-18,,,
"	192",柳林,2016-08-19,,,
"	192",柳林,2016-08-20,,,
"	192",柳林,2016-08-21,,,
"	192",柳林,2016-08-22,0.2,0.2,
"	192",柳林,2016-08-23,1.1,1.1,2:00
"	192",柳林,2016-08-24,,,
"	192",柳林,2016-08-25,,,
"	192",柳林,2016-08-26,3.8,1,12:13
"	192",柳林,2016-08-27,0.2,0.2,
"	192",柳林,2016-08-28,31.8,4.6,1:39
"	192",柳林,2016-08-29,0.1,0.1,
"	192",柳林,2016-08-30,,,
"	192",柳林,2016-08-31,0,0,
"	192",柳林,2016-09-01,20.8,12.6,21:05
"	192",柳林,2016-09-02,76.4,8.8,9:42
"	192",柳林,2016-09-03,44.1,21.4,3:12
"	192",柳林,2016-09-04,17.1,12.3,15:05
"	192",柳林,2016-09-05,0.5,0.5,13:29
"	192",柳林,2016-09-06,0,0,
"	192",柳林,2016-09-07,0,0,
"	192",柳林,2016-09-08,,,
"	192",柳林,2016-09-09,,,
"	192",柳林,2016-09-10,1.6,1.6,12:57
"	192",柳林,2016-09-11,1.6,1.1,22:03
"	192",柳林,2016-09-12,8.5,1.7,1:59
"	192",柳林,2016-09-13,,,
"	192",柳林,2016-09-14,,,
"	192",柳林,2016-09-15,,,
"	192",柳林,2016-09-16,2.7,1.2,6:49
"	192",柳林,2016-09-17,174.5,31,10:18
"	192",柳林,2016-09-18,4.5,1.1,0:01
"	192",柳林,2016-09-19,0,0,
"	192",柳林,2016-09-20,,,
"	192",柳林,2016-09-21,,,
"	192",柳林,2016-09-22,,,
"	192",柳林,2016-09-23,,,
"	192",柳林,2016-09-24,,,
"	192",柳林,2016-09-25,,,
"	192",柳林,2016-09-26,3.8,2.3,15:10
"	192",柳林,2016-09-27,,,
"	192",柳林,2016-09-28,16.7,5.6,12:54
"	192",柳林,2016-09-29,4,1.1,3:18
"	192",柳林,2016-09-30,30.7,12,11:26
"	192",柳林,2016-10-01,0.5,0.3,0:01
"	192",柳林,2016-10-02,0.5,0.5,0:53
"	192",柳林,2016-10-03,,,
"	192",柳林,2016-10-04,1.9,1.8,22:58
"	192",柳林,2016-10-05,82.2,23.1,8:00
"	192",柳林,2016-10-06,,,
"	192",柳林,2016-10-07,1.6,1,23:07
"	192",柳林,2016-10-08,26.8,7.4,4:32
"	192",柳林,2016-10-09,,,
"	192",柳林,2016-10-10,,,
"	192",柳林,2016-10-11,,,
"	192",柳林,2016-10-12,,,
"	192",柳林,2016-10-13,,,
"	192",柳林,2016-10-14,,,
"	192",柳林,2016-10-15,,,
"	192",柳林,2016-10-16,41.7,6.7,19:55
"	192",柳林,2016-10-17,,,
"	192",柳林,2016-10-18,,,
"	192",柳林,2016-10-19,,,
"	192",柳林,2016-10-20,,,
"	192",柳林,2016-10-21,0,0,
"	192",柳林,2016-10-22,0,0,
"	192",柳林,2016-10-23,,,
"	192",柳林,2016-10-24,,,
"	192",柳林,2016-10-25,3.5,3.4,10:37
"	192",柳林,2016-10-26,,,
"	192",柳林,2016-10-27,,,
"	192",柳林,2016-10-28,10.7,1.7,4:30
"	192",柳林,2016-10-29,,,
"	192",柳林,2016-10-30,,,
"	192",柳林,2016-10-31,0.7,0.7,11:44
"	192",柳林,2016-11-01,,,
"	192",柳林,2016-11-02,,,
"	192",柳林,2016-11-03,,,
"	192",柳林,2016-11-04,,,
"	192",柳林,2016-11-05,,,
"	192",柳林,2016-11-06,,,
"	192",柳林,2016-11-07,,,
"	192",柳林,2016-11-08,0,,
"	192",柳林,2016-11-09,,,
"	192",柳林,2016-11-10,0,,
"	192",柳林,2016-11-11,,,
"	192",柳林,2016-11-12,,,
"	192",柳林,2016-11-13,1.1,,
"	192",柳林,2016-11-14,4,,
"	192",柳林,2016-11-15,,,
"	192",柳林,2016-11-16,,,
"	192",柳林,2016-11-17,,,
"	192",柳林,2016-11-18,25,,
"	192",柳林,2016-11-19,0.6,,
"	192",柳林,2016-11-20,,,
"	192",柳林,2016-11-21,,,
"	192",柳林,2016-11-22,,,
"	192",柳林,2016-11-23,,,
"	192",柳林,2016-11-24,,,
"	192",柳林,2016-11-25,,,
"	192",柳林,2016-11-26,1.8,,
"	192",柳林,2016-11-27,,,
"	192",柳林,2016-11-28,,,
"	192",柳林,2016-11-29,,,
"	192",柳林,2016-11-30,4.5,,
"	192",柳林,2016-12-01,,,
"	192",柳林,2016-12-02,,,
"	192",柳林,2016-12-03,,,
"	192",柳林,2016-12-04,,,
"	192",柳林,2016-12-05,,,
"	192",柳林,2016-12-06,,,
"	192",柳林,2016-12-07,,,
"	192",柳林,2016-12-08,,,
"	192",柳林,2016-12-09,,,
"	192",柳林,2016-12-10,,,
"	192",柳林,2016-12-11,,,
"	192",柳林,2016-12-12,,,
"	192",柳林,2016-12-13,,,
"	192",柳林,2016-12-14,,,
"	192",柳林,2016-12-15,,,
"	192",柳林,2016-12-16,,,
"	192",柳林,2016-12-17,,,
"	192",柳林,2016-12-18,,,
"	192",柳林,2016-12-19,11,,
"	192",柳林,2016-12-20,,,
"	192",柳林,2016-12-21,45.7,,
"	192",柳林,2016-12-22,11,,
"	192",柳林,2016-12-23,,,
"	192",柳林,2016-12-24,,,
"	192",柳林,2016-12-25,,,
"	192",柳林,2016-12-26,15.3,,
"	192",柳林,2016-12-27,1,,
"	192",柳林,2016-12-28,,,
"	192",柳林,2016-12-29,,,
"	192",柳林,2016-12-30,,,
"	192",柳林,2016-12-31,,,
"	192",柳林,2017-01-01,,,
"	192",柳林,2017-01-02,,,
"	192",柳林,2017-01-03,,,
"	192",柳林,2017-01-04,,,
"	192",柳林,2017-01-05,,,
"	192",柳林,2017-01-06,,,
"	192",柳林,2017-01-07,0,,
"	192",柳林,2017-01-08,2.9,,
"	192",柳林,2017-01-09,,,
"	192",柳林,2017-01-10,,,
"	192",柳林,2017-01-11,,,
"	192",柳林,2017-01-12,,,
"	192",柳林,2017-01-13,,,
"	192",柳林,2017-01-14,,,
"	192",柳林,2017-01-15,,,
"	192",柳林,2017-01-16,,,
"	192",柳林,2017-01-17,,,
"	192",柳林,2017-01-18,,,
"	192",柳林,2017-01-19,,,
"	192",柳林,2017-01-20,,,
"	192",柳林,2017-01-21,,,
"	192",柳林,2017-01-22,,,
"	192",柳林,2017-01-23,,,
"	192",柳林,2017-01-24,,,
"	192",柳林,2017-01-25,,,
"	192",柳林,2017-01-26,,,
"	192",柳林,2017-01-27,,,
"	192",柳林,2017-01-28,,,
"	192",柳林,2017-01-29,4.6,,
"	192",柳林,2017-01-30,0.6,,
"	192",柳林,2017-01-31,,,
"	192",柳林,2017-02-01,,,
"	192",柳林,2017-02-02,,,
"	192",柳林,2017-02-03,,,
"	192",柳林,2017-02-04,1.7,,
"	192",柳林,2017-02-05,2.7,,
"	192",柳林,2017-02-06,,,
"	192",柳林,2017-02-07,,,
"	192",柳林,2017-02-08,,,
"	192",柳林,2017-02-09,,,
"	192",柳林,2017-02-10,,,
"	192",柳林,2017-02-11,,,
"	192",柳林,2017-02-12,,,
"	192",柳林,2017-02-13,,,
"	192",柳林,2017-02-14,,,
"	192",柳林,2017-02-15,,,
"	192",柳林,2017-02-16,2.5,,
"	192",柳林,2017-02-17,0.4,,
"	192",柳林,2017-02-18,,,
"	192",柳林,2017-02-19,,,
"	192",柳林,2017-02-20,0.4,,
"	192",柳林,2017-02-21,,,
"	192",柳林,2017-02-22,30.1,,
"	192",柳林,2017-02-23,,,
"	192",柳林,2017-02-24,,,
"	192",柳林,2017-02-25,,,
"	192",柳林,2017-02-26,,,
"	192",柳林,2017-02-27,,,
"	192",柳林,2017-02-28,,,
"	192",柳林,2017-03-01,0.6,,
"	192",柳林,2017-03-02,1.3,,
"	192",柳林,2017-03-03,,,
"	192",柳林,2017-03-04,,,
"	192",柳林,2017-03-05,,,
"	192",柳林,2017-03-06,,,
"	192",柳林,2017-03-07,,,
"	192",柳林,2017-03-08,,,
"	192",柳林,2017-03-09,,,
"	192",柳林,2017-03-10,,,
"	192",柳林,2017-03-11,,,
"	192",柳林,2017-03-12,,,
"	192",柳林,2017-03-13,,,
"	192",柳林,2017-03-14,,,
"	192",柳林,2017-03-15,,,
"	192",柳林,2017-03-16,,,
"	192",柳林,2017-03-17,,,
"	192",柳林,2017-03-18,,,
"	192",柳林,2017-03-19,,,
"	192",柳林,2017-03-20,7.9,,
"	192",柳林,2017-03-21,2.3,,
"	192",柳林,2017-03-22,,,
"	192",柳林,2017-03-23,,,
"	192",柳林,2017-03-24,0,,
"	192",柳林,2017-03-25,10.9,,
"	192",柳林,2017-03-26,0.7,,
"	192",柳林,2017-03-27,,,
"	192",柳林,2017-03-28,0.6,,
"	192",柳林,2017-03-29,4.5,,
"	192",柳林,2017-03-30,,,
"	192",柳林,2017-03-31,2.6,,
"	192",柳林,2017-04-01,0.6,0.5,16:26
"	192",柳林,2017-04-02,,,
"	192",柳林,2017-04-03,,,
"	192",柳林,2017-04-04,,,
"	192",柳林,2017-04-05,48.5,10.4,22:10
"	192",柳林,2017-04-06,15.7,7.1,0:07
"	192",柳林,2017-04-07,,,
"	192",柳林,2017-04-08,,,
"	192",柳林,2017-04-09,,,
"	192",柳林,2017-04-10,0.1,0.1,
"	192",柳林,2017-04-11,11.5,3.5,4:37
"	192",柳林,2017-04-12,,,
"	192",柳林,2017-04-13,,,
"	192",柳林,2017-04-14,0,0,
"	192",柳林,2017-04-15,0,0,
"	192",柳林,2017-04-16,,,
"	192",柳林,2017-04-17,16.5,11.5,7:36
"	192",柳林,2017-04-18,0,0,
"	192",柳林,2017-04-19,,,
"	192",柳林,2017-04-20,0.2,0.2,
"	192",柳林,2017-04-21,,,
"	192",柳林,2017-04-22,0,0,
"	192",柳林,2017-04-23,,,
"	192",柳林,2017-04-24,,,
"	192",柳林,2017-04-25,0.1,0.1,
"	192",柳林,2017-04-26,1.7,0.5,8:19
"	192",柳林,2017-04-27,,,
"	192",柳林,2017-04-28,,,
"	192",柳林,2017-04-29,,,
"	192",柳林,2017-04-30,,,
"	192",柳林,2017-05-01,,,
"	192",柳林,2017-05-02,,,
"	192",柳林,2017-05-03,,,
"	192",柳林,2017-05-04,0.6,0.6,21:14
"	192",柳林,2017-05-05,4,2.6,17:33
"	192",柳林,2017-05-06,,,
"	192",柳林,2017-05-07,,,
"	192",柳林,2017-05-08,,,
"	192",柳林,2017-05-09,25.3,10.1,16:15
"	192",柳林,2017-05-10,0.1,0.1,
"	192",柳林,2017-05-11,,,
"	192",柳林,2017-05-12,9.1,2.6,11:08
"	192",柳林,2017-05-13,,,
"	192",柳林,2017-05-14,,,
"	192",柳林,2017-05-15,,,
"	192",柳林,2017-05-16,,,
"	192",柳林,2017-05-17,,,
"	192",柳林,2017-05-18,,,
"	192",柳林,2017-05-19,,,
"	192",柳林,2017-05-20,,,
"	192",柳林,2017-05-21,,,
"	192",柳林,2017-05-22,,,
"	192",柳林,2017-05-23,,,
"	192",柳林,2017-05-24,3.9,3.9,20:37
"	192",柳林,2017-05-25,,,
"	192",柳林,2017-05-26,,,
"	192",柳林,2017-05-27,,,
"	192",柳林,2017-05-28,,,
"	192",柳林,2017-05-29,,,
"	192",柳林,2017-05-30,,,
"	192",柳林,2017-05-31,0.8,0.6,21:19
"	192",柳林,2017-06-01,,,
"	192",柳林,2017-06-02,,,
"	192",柳林,2017-06-03,0,0,
"	192",柳林,2017-06-04,,,
"	192",柳林,2017-06-05,,,
"	192",柳林,2017-06-06,10.7,2.9,22:35
"	192",柳林,2017-06-07,12.6,3.2,3:29
"	192",柳林,2017-06-08,,,
"	192",柳林,2017-06-09,,,
"	192",柳林,2017-06-10,,,
"	192",柳林,2017-06-11,2.3,2.3,5:35
"	192",柳林,2017-06-12,,,
"	192",柳林,2017-06-13,0.3,0.2,
"	192",柳林,2017-06-14,,,
"	192",柳林,2017-06-15,,,
"	192",柳林,2017-06-16,,,
"	192",柳林,2017-06-17,,,
"	192",柳林,2017-06-18,,,
"	192",柳林,2017-06-19,,,
"	192",柳林,2017-06-20,10.3,5.1,18:36
"	192",柳林,2017-06-21,,,
"	192",柳林,2017-06-22,,,
"	192",柳林,2017-06-23,,,
"	192",柳林,2017-06-24,,,
"	192",柳林,2017-06-25,0.5,0.5,23:00
"	192",柳林,2017-06-26,10.5,8,15:41
"	192",柳林,2017-06-27,0,0,
"	192",柳林,2017-06-28,,,
"	192",柳林,2017-06-29,4.8,4.1,19:34
"	192",柳林,2017-06-30,0,0,
"	192",柳林,2017-07-01,,,
"	192",柳林,2017-07-02,1.4,1.3,10:21
"	192",柳林,2017-07-03,0.3,0.3,13:26
"	192",柳林,2017-07-04,1.9,1,6:39
"	192",柳林,2017-07-05,17.6,11.4,1:21
"	192",柳林,2017-07-06,5.2,4.4,16:32
"	192",柳林,2017-07-07,0.3,0.2,
"	192",柳林,2017-07-08,7.1,2,10:07
"	192",柳林,2017-07-09,,,
"	192",柳林,2017-07-10,0,0,
"	192",柳林,2017-07-11,0,0,
"	192",柳林,2017-07-12,,,
"	192",柳林,2017-07-13,,,
"	192",柳林,2017-07-14,0,0,
"	192",柳林,2017-07-15,0,0,
"	192",柳林,2017-07-16,,,
"	192",柳林,2017-07-17,4.8,4,17:14
"	192",柳林,2017-07-18,1.9,1,0:01
"	192",柳林,2017-07-19,,,
"	192",柳林,2017-07-20,,,
"	192",柳林,2017-07-21,,,
"	192",柳林,2017-07-22,,,
"	192",柳林,2017-07-23,,,
"	192",柳林,2017-07-24,0.1,0.1,
"	192",柳林,2017-07-25,17.2,15,17:10
"	192",柳林,2017-07-26,,,
"	192",柳林,2017-07-27,,,
"	192",柳林,2017-07-28,,,
"	192",柳林,2017-07-29,,,
"	192",柳林,2017-07-30,,,
"	192",柳林,2017-07-31,38.2,21.2,16:59
"	192",柳林,2017-08-01,,,
"	192",柳林,2017-08-02,,,
"	192",柳林,2017-08-03,,,
"	192",柳林,2017-08-04,,,
"	192",柳林,2017-08-05,,,
"	192",柳林,2017-08-06,,,
"	192",柳林,2017-08-07,,,
"	192",柳林,2017-08-08,0,0,
"	192",柳林,2017-08-09,0.2,0.2,
"	192",柳林,2017-08-10,,,
"	192",柳林,2017-08-11,28.8,27.7,15:52
"	192",柳林,2017-08-12,0,0,
"	192",柳林,2017-08-13,1.6,0.7,19:06
"	192",柳林,2017-08-14,48.5,10.7,8:44
"	192",柳林,2017-08-15,5.7,2.1,9:09
"	192",柳林,2017-08-16,0.8,0.8,3:01
"	192",柳林,2017-08-17,0.8,0.8,22:38
"	192",柳林,2017-08-18,0,0,
"	192",柳林,2017-08-19,12.8,12.8,12:25
"	192",柳林,2017-08-20,26.2,8.3,22:51
"	192",柳林,2017-08-21,20.2,5.7,21:02
"	192",柳林,2017-08-22,8.1,6.9,11:01
"	192",柳林,2017-08-23,11.6,11.1,0:56
"	192",柳林,2017-08-24,0.3,0.3,15:01
"	192",柳林,2017-08-25,0.8,0.8,7:15
"	192",柳林,2017-08-26,,,
"	192",柳林,2017-08-27,,,
"	192",柳林,2017-08-28,,,
"	192",柳林,2017-08-29,0,0,
"	192",柳林,2017-08-30,,,
"	192",柳林,2017-08-31,,,
"	192",柳林,2017-09-01,,,
"	192",柳林,2017-09-02,,,
"	192",柳林,2017-09-03,,,
"	192",柳林,2017-09-04,,,
"	192",柳林,2017-09-05,0.7,0.5,21:53
"	192",柳林,2017-09-06,32.3,8.8,17:45
"	192",柳林,2017-09-07,1,0.5,2:46
"	192",柳林,2017-09-08,,,
"	192",柳林,2017-09-09,,,
"	192",柳林,2017-09-10,,,
"	192",柳林,2017-09-11,74.4,19,9:38
"	192",柳林,2017-09-12,,,
"	192",柳林,2017-09-13,,,
"	192",柳林,2017-09-14,,,
"	192",柳林,2017-09-15,,,
"	192",柳林,2017-09-16,,,
"	192",柳林,2017-09-17,,,
"	192",柳林,2017-09-18,,,
"	192",柳林,2017-09-19,,,
"	192",柳林,2017-09-20,,,
"	192",柳林,2017-09-21,,,
"	192",柳林,2017-09-22,,,
"	192",柳林,2017-09-23,,,
"	192",柳林,2017-09-24,,,
"	192",柳林,2017-09-25,,,
"	192",柳林,2017-09-26,,,
"	192",柳林,2017-09-27,8.2,1.5,3:48
"	192",柳林,2017-09-28,,,
"	192",柳林,2017-09-29,,,
"	192",柳林,2017-09-30,,,
"	192",柳林,2017-10-01,25.3,6.6,22:38
"	192",柳林,2017-10-02,37.4,19.3,1:02
"	192",柳林,2017-10-03,10.8,10.2,20:14
"	192",柳林,2017-10-04,,,
"	192",柳林,2017-10-05,2.9,0.9,22:24
"	192",柳林,2017-10-06,7.8,1.6,10:35
"	192",柳林,2017-10-07,0,0,
"	192",柳林,2017-10-08,,,
"	192",柳林,2017-10-09,,,
"	192",柳林,2017-10-10,,,
"	192",柳林,2017-10-11,,,
"	192",柳林,2017-10-12,18.6,3.6,18:13
"	192",柳林,2017-10-13,,,
"	192",柳林,2017-10-14,,,
"	192",柳林,2017-10-15,2.8,1.5,4:39
"	192",柳林,2017-10-16,,,
"	192",柳林,2017-10-17,,,
"	192",柳林,2017-10-18,0,0,
"	192",柳林,2017-10-19,,,
"	192",柳林,2017-10-20,,,
"	192",柳林,2017-10-21,,,
"	192",柳林,2017-10-22,,,
"	192",柳林,2017-10-23,,,
"	192",柳林,2017-10-24,0.1,0.1,
"	192",柳林,2017-10-25,,,
"	192",柳林,2017-10-26,,,
"	192",柳林,2017-10-27,,,
"	192",柳林,2017-10-28,,,
"	192",柳林,2017-10-29,,,
"	192",柳林,2017-10-30,,,
"	192",柳林,2017-10-31,,,
"	192",柳林,2017-11-01,,,
"	192",柳林,2017-11-02,,,
"	192",柳林,2017-11-03,,,
"	192",柳林,2017-11-04,,,
"	192",柳林,2017-11-05,,,
"	192",柳林,2017-11-06,,,
"	192",柳林,2017-11-07,,,
"	192",柳林,2017-11-08,,,
"	192",柳林,2017-11-09,,,
"	192",柳林,2017-11-10,,,
"	192",柳林,2017-11-11,,,
"	192",柳林,2017-11-12,,,
"	192",柳林,2017-11-13,,,
"	192",柳林,2017-11-14,,,
"	192",柳林,2017-11-15,,,
"	192",柳林,2017-11-16,,,
"	192",柳林,2017-11-17,,,
"	192",柳林,2017-11-18,,,
"	192",柳林,2017-11-19,,,
"	192",柳林,2017-11-20,,,
"	192",柳林,2017-11-21,,,
"	192",柳林,2017-11-22,,,
"	192",柳林,2017-11-23,0,,
"	192",柳林,2017-11-24,,,
"	192",柳林,2017-11-25,,,
"	192",柳林,2017-11-26,,,
"	192",柳林,2017-11-27,,,
"	192",柳林,2017-11-28,,,
"	192",柳林,2017-11-29,,,
"	192",柳林,2017-11-30,,,
"	192",柳林,2017-12-01,,,
"	192",柳林,2017-12-02,,,
"	192",柳林,2017-12-03,,,
"	192",柳林,2017-12-04,,,
"	192",柳林,2017-12-05,,,
"	192",柳林,2017-12-06,,,
"	192",柳林,2017-12-07,0,,
"	192",柳林,2017-12-08,,,
"	192",柳林,2017-12-09,,,
"	192",柳林,2017-12-10,1.2,,
"	192",柳林,2017-12-11,,,
"	192",柳林,2017-12-12,,,
"	192",柳林,2017-12-13,,,
"	192",柳林,2017-12-14,,,
"	192",柳林,2017-12-15,,,
"	192",柳林,2017-12-16,,,
"	192",柳林,2017-12-17,,,
"	192",柳林,2017-12-18,0,,
"	192",柳林,2017-12-19,,,
"	192",柳林,2017-12-20,,,
"	192",柳林,2017-12-21,,,
"	192",柳林,2017-12-22,,,
"	192",柳林,2017-12-23,,,
"	192",柳林,2017-12-24,12.8,,
"	192",柳林,2017-12-25,,,
"	192",柳林,2017-12-26,,,
"	192",柳林,2017-12-27,,,
"	192",柳林,2017-12-28,,,
"	192",柳林,2017-12-29,,,
"	192",柳林,2017-12-30,,,
"	192",柳林,2017-12-31,0,,
"	192",柳林,2018-01-01,,,
"	192",柳林,2018-01-02,,,
"	192",柳林,2018-01-03,,,
"	192",柳林,2018-01-04,,,
"	192",柳林,2018-01-05,,,
"	192",柳林,2018-01-06,,,
"	192",柳林,2018-01-07,0.9,,
"	192",柳林,2018-01-08,1.5,,
"	192",柳林,2018-01-09,,,
"	192",柳林,2018-01-10,0.5,,
"	192",柳林,2018-01-11,,,
"	192",柳林,2018-01-12,,,
"	192",柳林,2018-01-13,,,
"	192",柳林,2018-01-14,,,
"	192",柳林,2018-01-15,,,
"	192",柳林,2018-01-16,22.9,,
"	192",柳林,2018-01-17,4.1,,
"	192",柳林,2018-01-18,,,
"	192",柳林,2018-01-19,,,
"	192",柳林,2018-01-20,,,
"	192",柳林,2018-01-21,,,
"	192",柳林,2018-01-22,0,,
"	192",柳林,2018-01-23,,,
"	192",柳林,2018-01-24,,,
"	192",柳林,2018-01-25,,,
"	192",柳林,2018-01-26,,,
"	192",柳林,2018-01-27,,,
"	192",柳林,2018-01-28,,,
"	192",柳林,2018-01-29,,,
"	192",柳林,2018-01-30,,,
"	192",柳林,2018-01-31,,,
"	192",柳林,2018-02-01,,,
"	192",柳林,2018-02-02,,,
"	192",柳林,2018-02-03,,,
"	192",柳林,2018-02-04,,,
"	192",柳林,2018-02-05,,,
"	192",柳林,2018-02-06,,,
"	192",柳林,2018-02-07,,,
"	192",柳林,2018-02-08,,,
"	192",柳林,2018-02-09,,,
"	192",柳林,2018-02-10,,,
"	192",柳林,2018-02-11,,,
"	192",柳林,2018-02-12,,,
"	192",柳林,2018-02-13,,,
"	192",柳林,2018-02-14,,,
"	192",柳林,2018-02-15,,,
"	192",柳林,2018-02-16,,,
"	192",柳林,2018-02-17,,,
"	192",柳林,2018-02-18,,,
"	192",柳林,2018-02-19,,,
"	192",柳林,2018-02-20,,,
"	192",柳林,2018-02-21,,,
"	192",柳林,2018-02-22,,,
"	192",柳林,2018-02-23,0,,
"	192",柳林,2018-02-24,,,
"	192",柳林,2018-02-25,,,
"	192",柳林,2018-02-26,,,
"	192",柳林,2018-02-27,,,
"	192",柳林,2018-02-28,30.8,,
"	192",柳林,2018-03-01,,,
"	192",柳林,2018-03-02,,,
"	192",柳林,2018-03-03,,,
"	192",柳林,2018-03-04,13.1,,
"	192",柳林,2018-03-05,6,,
"	192",柳林,2018-03-06,,,
"	192",柳林,2018-03-07,12.7,,
"	192",柳林,2018-03-08,38.7,,
"	192",柳林,2018-03-09,,,
"	192",柳林,2018-03-10,,,
"	192",柳林,2018-03-11,,,
"	192",柳林,2018-03-12,,,
"	192",柳林,2018-03-13,,,
"	192",柳林,2018-03-14,,,
"	192",柳林,2018-03-15,43.5,,
"	192",柳林,2018-03-16,3.8,,
"	192",柳林,2018-03-17,,,
"	192",柳林,2018-03-18,9.7,,
"	192",柳林,2018-03-19,40.4,,
"	192",柳林,2018-03-20,1.4,,
"	192",柳林,2018-03-21,9.9,,
"	192",柳林,2018-03-22,,,
"	192",柳林,2018-03-23,,,
"	192",柳林,2018-03-24,,,
"	192",柳林,2018-03-25,,,
"	192",柳林,2018-03-26,,,
"	192",柳林,2018-03-27,,,
"	192",柳林,2018-03-28,,,
"	192",柳林,2018-03-29,,,
"	192",柳林,2018-03-30,,,
"	192",柳林,2018-03-31,,,
"	192",柳林,2018-04-01,,,
"	192",柳林,2018-04-02,,,
"	192",柳林,2018-04-03,,,
"	192",柳林,2018-04-04,15.7,10,15:11
"	192",柳林,2018-04-05,4.9,1.8,22:54
"	192",柳林,2018-04-06,17.1,4.6,4:55
"	192",柳林,2018-04-07,,,
"	192",柳林,2018-04-08,0,0,
"	192",柳林,2018-04-09,,,
"	192",柳林,2018-04-10,,,
"	192",柳林,2018-04-11,0.2,0.2,
"	192",柳林,2018-04-12,,,
"	192",柳林,2018-04-13,0,0,
"	192",柳林,2018-04-14,34.8,8.9,8:11
"	192",柳林,2018-04-15,,,
"	192",柳林,2018-04-16,,,
"	192",柳林,2018-04-17,,,
"	192",柳林,2018-04-18,,,
"	192",柳林,2018-04-19,,,
"	192",柳林,2018-04-20,,,
"	192",柳林,2018-04-21,,,
"	192",柳林,2018-04-22,0.4,0.4,8:43
"	192",柳林,2018-04-23,45.8,6,8:05
"	192",柳林,2018-04-24,8.9,2.1,4:24
"	192",柳林,2018-04-25,,,
"	192",柳林,2018-04-26,,,
"	192",柳林,2018-04-27,,,
"	192",柳林,2018-04-28,,,
"	192",柳林,2018-04-29,,,
"	192",柳林,2018-04-30,,,
"	192",柳林,2018-05-01,0.2,0.2,
"	192",柳林,2018-05-02,3.2,0.9,2:07
"	192",柳林,2018-05-03,,,
"	192",柳林,2018-05-04,,,
"	192",柳林,2018-05-05,,,
"	192",柳林,2018-05-06,16.2,3,6:41
"	192",柳林,2018-05-07,24.4,5.6,8:27
"	192",柳林,2018-05-08,,,
"	192",柳林,2018-05-09,,,
"	192",柳林,2018-05-10,,,
"	192",柳林,2018-05-11,,,
"	192",柳林,2018-05-12,7.1,3,22:05
"	192",柳林,2018-05-13,7.9,3.6,0:27
"	192",柳林,2018-05-14,,,
"	192",柳林,2018-05-15,0.3,0.3,23:01
"	192",柳林,2018-05-16,3.3,1.3,5:17
"	192",柳林,2018-05-17,1.8,0.6,19:39
"	192",柳林,2018-05-18,1.4,0.5,22:51
"	192",柳林,2018-05-19,0.5,0.4,0:39
"	192",柳林,2018-05-20,,,
"	192",柳林,2018-05-21,,,
"	192",柳林,2018-05-22,7.8,3.3,22:36
"	192",柳林,2018-05-23,17.4,5.2,1:17
"	192",柳林,2018-05-24,,,
"	192",柳林,2018-05-25,,,
"	192",柳林,2018-05-26,,,
"	192",柳林,2018-05-27,,,
"	192",柳林,2018-05-28,2.8,0.9,14:04
"	192",柳林,2018-05-29,0,0,
"	192",柳林,2018-05-30,,,
"	192",柳林,2018-05-31,,,
"	192",柳林,2018-06-01,,,
"	192",柳林,2018-06-02,,,
"	192",柳林,2018-06-03,,,
"	192",柳林,2018-06-04,,,
"	192",柳林,2018-06-05,1.5,0.7,7:04
"	192",柳林,2018-06-06,,,
"	192",柳林,2018-06-07,,,
"	192",柳林,2018-06-08,,,
"	192",柳林,2018-06-09,0,0,
"	192",柳林,2018-06-10,1.4,1,5:47
"	192",柳林,2018-06-11,32.3,10.5,2:47
"	192",柳林,2018-06-12,19.4,14.2,4:04
"	192",柳林,2018-06-13,,,
"	192",柳林,2018-06-14,,,
"	192",柳林,2018-06-15,,,
"	192",柳林,2018-06-16,,,
"	192",柳林,2018-06-17,,,
"	192",柳林,2018-06-18,,,
"	192",柳林,2018-06-19,8.4,3,20:38
"	192",柳林,2018-06-20,0,0,
"	192",柳林,2018-06-21,,,
"	192",柳林,2018-06-22,,,
"	192",柳林,2018-06-23,0,0,
"	192",柳林,2018-06-24,,,
"	192",柳林,2018-06-25,,,
"	192",柳林,2018-06-26,0.3,0.2,
"	192",柳林,2018-06-27,12,8,6:02
"	192",柳林,2018-06-28,91.9,18.8,4:42
"	192",柳林,2018-06-29,2.9,2.9,22:38
"	192",柳林,2018-06-30,37.6,7,15:02
"	192",柳林,2018-07-01,53.5,14.3,4:26
"	192",柳林,2018-07-02,57.4,14,2:17
"	192",柳林,2018-07-03,14.4,4.9,15:27
"	192",柳林,2018-07-04,0,0,
"	192",柳林,2018-07-05,81.9,34.2,6:43
"	192",柳林,2018-07-06,4.9,1.8,10:04
"	192",柳林,2018-07-07,,,
"	192",柳林,2018-07-08,,,
"	192",柳林,2018-07-09,23.4,10.4,14:42
"	192",柳林,2018-07-10,,,
"	192",柳林,2018-07-11,,,
"	192",柳林,2018-07-12,,,
"	192",柳林,2018-07-13,,,
"	192",柳林,2018-07-14,,,
"	192",柳林,2018-07-15,,,
"	192",柳林,2018-07-16,,,
"	192",柳林,2018-07-17,,,
"	192",柳林,2018-07-18,,,
"	192",柳林,2018-07-19,,,
"	192",柳林,2018-07-20,,,
"	192",柳林,2018-07-21,,,
"	192",柳林,2018-07-22,,,
"	192",柳林,2018-07-23,,,
"	192",柳林,2018-07-24,,,
"	192",柳林,2018-07-25,,,
"	192",柳林,2018-07-26,,,
"	192",柳林,2018-07-27,0.4,0.4,19:20
"	192",柳林,2018-07-28,,,
"	192",柳林,2018-07-29,,,
"	192",柳林,2018-07-30,4.9,4.9,16:30
"	192",柳林,2018-07-31,,,
"	192",柳林,2018-08-01,,,
"	192",柳林,2018-08-02,,,
"	192",柳林,2018-08-03,,,
"	192",柳林,2018-08-04,,,
"	192",柳林,2018-08-05,,,
"	192",柳林,2018-08-06,0,0,
"	192",柳林,2018-08-07,0.1,0.1,
"	192",柳林,2018-08-08,3.5,3.5,16:21
"	192",柳林,2018-08-09,0,0,
"	192",柳林,2018-08-10,1.6,0.8,15:18
"	192",柳林,2018-08-11,0,0,
"	192",柳林,2018-08-12,0.1,0.1,
"	192",柳林,2018-08-13,,,
"	192",柳林,2018-08-14,,,
"	192",柳林,2018-08-15,0.1,0.1,
"	192",柳林,2018-08-16,29.7,21.5,0:56
"	192",柳林,2018-08-17,,,
"	192",柳林,2018-08-18,,,
"	192",柳林,2018-08-19,,,
"	192",柳林,2018-08-20,,,
"	192",柳林,2018-08-21,,,
"	192",柳林,2018-08-22,,,
"	192",柳林,2018-08-23,17.7,3.5,21:07
"	192",柳林,2018-08-24,5.4,4,0:10
"	192",柳林,2018-08-25,0.3,0.3,21:32
"	192",柳林,2018-08-26,70.5,20.8,5:51
"	192",柳林,2018-08-27,46,22,9:12
"	192",柳林,2018-08-28,0.1,0.1,
"	192",柳林,2018-08-29,0,0,
"	192",柳林,2018-08-30,6,5.7,18:28
"	192",柳林,2018-08-31,31.6,10.7,10:11
"	192",柳林,2018-09-01,25.6,8.2,6:41
"	192",柳林,2018-09-02,11.6,4.8,21:51
"	192",柳林,2018-09-03,58.1,33.9,11:11
"	192",柳林,2018-09-04,33.3,24.6,4:23
"	192",柳林,2018-09-05,,,
"	192",柳林,2018-09-06,,,
"	192",柳林,2018-09-07,3.7,2.4,7:10
"	192",柳林,2018-09-08,,,
"	192",柳林,2018-09-09,,,
"	192",柳林,2018-09-10,,,
"	192",柳林,2018-09-11,,,
"	192",柳林,2018-09-12,0,0,
"	192",柳林,2018-09-13,10.2,4.4,10:08
"	192",柳林,2018-09-14,24.7,5,3:08
"	192",柳林,2018-09-15,5.8,1.4,4:11
"	192",柳林,2018-09-16,,,
"	192",柳林,2018-09-17,,,
"	192",柳林,2018-09-18,,,
"	192",柳林,2018-09-19,0.2,0.2,
"	192",柳林,2018-09-20,10.1,4.9,3:00
"	192",柳林,2018-09-21,18.3,5.9,10:08
"	192",柳林,2018-09-22,,,
"	192",柳林,2018-09-23,,,
"	192",柳林,2018-09-24,,,
"	192",柳林,2018-09-25,,,
"	192",柳林,2018-09-26,,,
"	192",柳林,2018-09-27,,,
"	192",柳林,2018-09-28,,,
"	192",柳林,2018-09-29,0,0,
"	192",柳林,2018-09-30,,,
"	192",柳林,2018-10-01,0,0,
"	192",柳林,2018-10-02,,,
"	192",柳林,2018-10-03,,,
"	192",柳林,2018-10-04,1.6,1,22:58
"	192",柳林,2018-10-05,55.5,7.4,6:24
"	192",柳林,2018-10-06,165.8,25.8,7:49
"	192",柳林,2018-10-07,,,
"	192",柳林,2018-10-08,,,
"	192",柳林,2018-10-09,,,
"	192",柳林,2018-10-10,,,
"	192",柳林,2018-10-11,,,
"	192",柳林,2018-10-12,,,
"	192",柳林,2018-10-13,,,
"	192",柳林,2018-10-14,,,
"	192",柳林,2018-10-15,,,
"	192",柳林,2018-10-16,,,
"	192",柳林,2018-10-17,,,
"	192",柳林,2018-10-18,,,
"	192",柳林,2018-10-19,,,
"	192",柳林,2018-10-20,,,
"	192",柳林,2018-10-21,,,
"	192",柳林,2018-10-22,,,
"	192",柳林,2018-10-23,0,0,
"	192",柳林,2018-10-24,,,
"	192",柳林,2018-10-25,,,
"	192",柳林,2018-10-26,0.9,0.5,13:19
"	192",柳林,2018-10-27,,,
"	192",柳林,2018-10-28,0.2,0.2,
"	192",柳林,2018-10-29,0.1,0.1,
"	192",柳林,2018-10-30,,,
"	192",柳林,2018-10-31,,,
"	192",柳林,2018-11-01,,,
"	192",柳林,2018-11-02,,,
"	192",柳林,2018-11-03,,,
"	192",柳林,2018-11-04,,,
"	192",柳林,2018-11-05,,,
"	192",柳林,2018-11-06,,,
"	192",柳林,2018-11-07,0.5,,
"	192",柳林,2018-11-08,19.5,,
"	192",柳林,2018-11-09,,,
"	192",柳林,2018-11-10,,,
"	192",柳林,2018-11-11,3.5,,
"	192",柳林,2018-11-12,1.5,,
"	192",柳林,2018-11-13,,,
"	192",柳林,2018-11-14,,,
"	192",柳林,2018-11-15,,,
"	192",柳林,2018-11-16,1,,
"	192",柳林,2018-11-17,,,
"	192",柳林,2018-11-18,,,
"	192",柳林,2018-11-19,,,
"	192",柳林,2018-11-20,,,
"	192",柳林,2018-11-21,,,
"	192",柳林,2018-11-22,,,
"	192",柳林,2018-11-23,,,
"	192",柳林,2018-11-24,1.5,,
"	192",柳林,2018-11-25,,,
"	192",柳林,2018-11-26,,,
"	192",柳林,2018-11-27,,,
"	192",柳林,2018-11-28,,,
"	192",柳林,2018-11-29,,,
"	192",柳林,2018-11-30,,,
"	192",柳林,2018-12-01,,,
"	192",柳林,2018-12-02,0,,
"	192",柳林,2018-12-03,9.5,,
"	192",柳林,2018-12-04,12,,
"	192",柳林,2018-12-05,,,
"	192",柳林,2018-12-06,2.5,,
"	192",柳林,2018-12-07,,,
"	192",柳林,2018-12-08,,,
"	192",柳林,2018-12-09,,,
"	192",柳林,2018-12-10,,,
"	192",柳林,2018-12-11,1.5,,
"	192",柳林,2018-12-12,,,
"	192",柳林,2018-12-13,,,
"	192",柳林,2018-12-14,,,
"	192",柳林,2018-12-15,,,
"	192",柳林,2018-12-16,1,,
"	192",柳林,2018-12-17,,,
"	192",柳林,2018-12-18,,,
"	192",柳林,2018-12-19,,,
"	192",柳林,2018-12-20,,,
"	192",柳林,2018-12-21,,,
"	192",柳林,2018-12-22,0,,
"	192",柳林,2018-12-23,2.5,,
"	192",柳林,2018-12-24,,,
"	192",柳林,2018-12-25,,,
"	192",柳林,2018-12-26,,,
"	192",柳林,2018-12-27,,,
"	192",柳林,2018-12-28,,,
"	192",柳林,2018-12-29,,,
"	192",柳林,2018-12-30,,,
"	192",柳林,2018-12-31,,,
"	192",柳林,2019-01-01,,,
"	192",柳林,2019-01-02,,,
"	192",柳林,2019-01-03,,,
"	192",柳林,2019-01-04,,,
"	192",柳林,2019-01-05,,,
"	192",柳林,2019-01-06,,,
"	192",柳林,2019-01-07,,,
"	192",柳林,2019-01-08,,,
"	192",柳林,2019-01-09,,,
"	192",柳林,2019-01-10,,,
"	192",柳林,2019-01-11,0,,
"	192",柳林,2019-01-12,4,,
"	192",柳林,2019-01-13,,,
"	192",柳林,2019-01-14,,,
"	192",柳林,2019-01-15,,,
"	192",柳林,2019-01-16,,,
"	192",柳林,2019-01-17,,,
"	192",柳林,2019-01-18,,,
"	192",柳林,2019-01-19,0,,
"	192",柳林,2019-01-20,0,,
"	192",柳林,2019-01-21,,,
"	192",柳林,2019-01-22,,,
"	192",柳林,2019-01-23,,,
"	192",柳林,2019-01-24,,,
"	192",柳林,2019-01-25,,,
"	192",柳林,2019-01-26,,,
"	192",柳林,2019-01-27,,,
"	192",柳林,2019-01-28,,,
"	192",柳林,2019-01-29,,,
"	192",柳林,2019-01-30,,,
"	192",柳林,2019-01-31,9.5,,
"	192",柳林,2019-02-01,,,
"	192",柳林,2019-02-02,0,,
"	192",柳林,2019-02-03,13.5,,
"	192",柳林,2019-02-04,,,
"	192",柳林,2019-02-05,,,
"	192",柳林,2019-02-06,,,
"	192",柳林,2019-02-07,,,
"	192",柳林,2019-02-08,,,
"	192",柳林,2019-02-09,,,
"	192",柳林,2019-02-10,,,
"	192",柳林,2019-02-11,,,
"	192",柳林,2019-02-12,,,
"	192",柳林,2019-02-13,,,
"	192",柳林,2019-02-14,,,
"	192",柳林,2019-02-15,,,
"	192",柳林,2019-02-16,,,
"	192",柳林,2019-02-17,,,
"	192",柳林,2019-02-18,0,,
"	192",柳林,2019-02-19,29,,
"	192",柳林,2019-02-20,,,
"	192",柳林,2019-02-21,,,
"	192",柳林,2019-02-22,,,
"	192",柳林,2019-02-23,,,
"	192",柳林,2019-02-24,,,
"	192",柳林,2019-02-25,,,
"	192",柳林,2019-02-26,,,
"	192",柳林,2019-02-27,0.5,,
"	192",柳林,2019-02-28,0.5,,
"	192",柳林,2019-03-01,,,
"	192",柳林,2019-03-02,,,
"	192",柳林,2019-03-03,0,,
"	192",柳林,2019-03-04,,,
"	192",柳林,2019-03-05,,,
"	192",柳林,2019-03-06,2,,
"	192",柳林,2019-03-07,,,
"	192",柳林,2019-03-08,,,
"	192",柳林,2019-03-09,0,,
"	192",柳林,2019-03-10,21,,
"	192",柳林,2019-03-11,0,,
"	192",柳林,2019-03-12,0,,
"	192",柳林,2019-03-13,,,
"	192",柳林,2019-03-14,,,
"	192",柳林,2019-03-15,0,,
"	192",柳林,2019-03-16,,,
"	192",柳林,2019-03-17,,,
"	192",柳林,2019-03-18,,,
"	192",柳林,2019-03-19,,,
"	192",柳林,2019-03-20,19,,
"	192",柳林,2019-03-21,0,,
"	192",柳林,2019-03-22,,,
"	192",柳林,2019-03-23,0,,
"	192",柳林,2019-03-24,,,
"	192",柳林,2019-03-25,,,
"	192",柳林,2019-03-26,,,
"	192",柳林,2019-03-27,,,
"	192",柳林,2019-03-28,,,
"	192",柳林,2019-03-29,,,
"	192",柳林,2019-03-30,0,,
"	192",柳林,2019-03-31,,,
"	192",柳林,2019-04-01,,,
"	192",柳林,2019-04-02,,,
"	192",柳林,2019-04-03,,,
"	192",柳林,2019-04-04,,,
"	192",柳林,2019-04-05,,,
"	192",柳林,2019-04-06,,,
"	192",柳林,2019-04-07,,,
"	192",柳林,2019-04-08,,,
"	192",柳林,2019-04-09,24,6.3,22:24
"	192",柳林,2019-04-10,10.9,5.2,0:01
"	192",柳林,2019-04-11,,,
"	192",柳林,2019-04-12,,,
"	192",柳林,2019-04-13,,,
"	192",柳林,2019-04-14,0,0,
"	192",柳林,2019-04-15,,,
"	192",柳林,2019-04-16,,,
"	192",柳林,2019-04-17,,,
"	192",柳林,2019-04-18,,,
"	192",柳林,2019-04-19,,,
"	192",柳林,2019-04-20,,,
"	192",柳林,2019-04-21,,,
"	192",柳林,2019-04-22,,,
"	192",柳林,2019-04-23,8.3,2.7,18:37
"	192",柳林,2019-04-24,6,2,1:06
"	192",柳林,2019-04-25,11.1,5.8,4:23
"	192",柳林,2019-04-26,0,0,
"	192",柳林,2019-04-27,0,0,
"	192",柳林,2019-04-28,0.1,0.1,
"	192",柳林,2019-04-29,54.2,10.5,14:04
"	192",柳林,2019-04-30,,,
"	192",柳林,2019-05-01,,,
"	192",柳林,2019-05-02,,,
"	192",柳林,2019-05-03,,,
"	192",柳林,2019-05-04,,,
"	192",柳林,2019-05-05,,,
"	192",柳林,2019-05-06,,,
"	192",柳林,2019-05-07,0,0,
"	192",柳林,2019-05-08,,,
"	192",柳林,2019-05-09,,,
"	192",柳林,2019-05-10,,,
"	192",柳林,2019-05-11,,,
"	192",柳林,2019-05-12,,,
"	192",柳林,2019-05-13,,,
"	192",柳林,2019-05-14,0,0,
"	192",柳林,2019-05-15,,,
"	192",柳林,2019-05-16,,,
"	192",柳林,2019-05-17,4.7,2.8,21:23
"	192",柳林,2019-05-18,44.2,6.4,7:36
"	192",柳林,2019-05-19,15.7,2.5,16:46
"	192",柳林,2019-05-20,0.4,0.4,9:20
"	192",柳林,2019-05-21,,,
"	192",柳林,2019-05-22,,,
"	192",柳林,2019-05-23,,,
"	192",柳林,2019-05-24,,,
"	192",柳林,2019-05-25,,,
"	192",柳林,2019-05-26,0.1,0.1,
"	192",柳林,2019-05-27,66,19,9:54
"	192",柳林,2019-05-28,,,
"	192",柳林,2019-05-29,,,
"	192",柳林,2019-05-30,0,0,
"	192",柳林,2019-05-31,1.2,0.7,2:18
"	192",柳林,2019-06-01,,,
"	192",柳林,2019-06-02,,,
"	192",柳林,2019-06-03,,,
"	192",柳林,2019-06-04,,,
"	192",柳林,2019-06-05,,,
"	192",柳林,2019-06-06,21.4,8.4,21:41
"	192",柳林,2019-06-07,15.8,4.7,1:07
"	192",柳林,2019-06-08,0.2,0.2,
"	192",柳林,2019-06-09,,,
"	192",柳林,2019-06-10,0.3,0.2,
"	192",柳林,2019-06-11,1.9,1.2,0:02
"	192",柳林,2019-06-12,,,
"	192",柳林,2019-06-13,,,
"	192",柳林,2019-06-14,2.7,1.9,22:16
"	192",柳林,2019-06-15,0,0,
"	192",柳林,2019-06-16,,,
"	192",柳林,2019-06-17,,,
"	192",柳林,2019-06-18,,,
"	192",柳林,2019-06-19,0,0,
"	192",柳林,2019-06-20,,,
"	192",柳林,2019-06-21,,,
"	192",柳林,2019-06-22,0.5,0.5,6:40
"	192",柳林,2019-06-23,6.3,6.2,2:06
"	192",柳林,2019-06-24,,,
"	192",柳林,2019-06-25,,,
"	192",柳林,2019-06-26,93.7,15,10:12
"	192",柳林,2019-06-27,40,11,1:33
"	192",柳林,2019-06-28,,,
"	192",柳林,2019-06-29,60.9,16,18:27
"	192",柳林,2019-06-30,,,
"	192",柳林,2019-07-01,0.3,0.3,12:59
"	192",柳林,2019-07-02,,,
"	192",柳林,2019-07-03,,,
"	192",柳林,2019-07-04,,,
"	192",柳林,2019-07-05,,,
"	192",柳林,2019-07-06,,,
"	192",柳林,2019-07-07,,,
"	192",柳林,2019-07-08,0,0,
"	192",柳林,2019-07-09,,,
"	192",柳林,2019-07-10,27,7.9,14:12
"	192",柳林,2019-07-11,0.1,0.1,
"	192",柳林,2019-07-12,,,
"	192",柳林,2019-07-13,0.9,0.5,8:35
"	192",柳林,2019-07-14,0.6,0.6,22:50
"	192",柳林,2019-07-15,5.1,5.1,23:39
"	192",柳林,2019-07-16,4.8,3.4,0:01
"	192",柳林,2019-07-17,2,1.4,22:57
"	192",柳林,2019-07-18,24.8,9.6,0:11
"	192",柳林,2019-07-19,30.7,7.7,19:50
"	192",柳林,2019-07-20,113.1,14.2,9:47
"	192",柳林,2019-07-21,24,9.3,0:04
"	192",柳林,2019-07-22,,,
"	192",柳林,2019-07-23,,,
"	192",柳林,2019-07-24,,,
"	192",柳林,2019-07-25,0,0,
"	192",柳林,2019-07-26,0,0,
"	192",柳林,2019-07-27,0.6,0.3,7:13
"	192",柳林,2019-07-28,,,
"	192",柳林,2019-07-29,,,
"	192",柳林,2019-07-30,,,
"	192",柳林,2019-07-31,,,
"	192",柳林,2019-08-01,,,
"	192",柳林,2019-08-02,,,
"	192",柳林,2019-08-03,,,
"	192",柳林,2019-08-04,,,
"	192",柳林,2019-08-05,,,
"	192",柳林,2019-08-06,7.3,3.7,21:25
"	192",柳林,2019-08-07,0,0,
"	192",柳林,2019-08-08,,,
"	192",柳林,2019-08-09,,,
"	192",柳林,2019-08-10,,,
"	192",柳林,2019-08-11,,,
"	192",柳林,2019-08-12,0.2,0.2,
"	192",柳林,2019-08-13,2.2,2.2,
"	192",柳林,2019-08-14,0.6,0.5,22:27
"	192",柳林,2019-08-15,0.3,0.3,0:01
"	192",柳林,2019-08-16,,,
"	192",柳林,2019-08-17,,,
"	192",柳林,2019-08-18,,,
"	192",柳林,2019-08-19,,,
"	192",柳林,2019-08-20,0.2,0.2,
"	192",柳林,2019-08-21,13.3,9.3,19:48
"	192",柳林,2019-08-22,29.8,7.9,5:55
"	192",柳林,2019-08-23,0,0,
"	192",柳林,2019-08-24,,,
"	192",柳林,2019-08-25,0.3,0.3,8:40
"	192",柳林,2019-08-26,,,
"	192",柳林,2019-08-27,10.7,4.5,9:06
"	192",柳林,2019-08-28,0.3,0.3,8:57
"	192",柳林,2019-08-29,0.2,0.1,
"	192",柳林,2019-08-30,,,
"	192",柳林,2019-08-31,,,
"	192",柳林,2019-09-01,2.3,0.8,16:36
"	192",柳林,2019-09-02,24.9,9.8,8:42
"	192",柳林,2019-09-03,95.9,51.3,5:52
"	192",柳林,2019-09-04,11.5,7.1,19:11
"	192",柳林,2019-09-05,7,7,12:55
"	192",柳林,2019-09-06,1.8,1.5,23:01
"	192",柳林,2019-09-07,27,12,7:03
"	192",柳林,2019-09-08,0.2,0.2,
"	192",柳林,2019-09-09,0.7,0.7,16:29
"	192",柳林,2019-09-10,0.2,0.2,
"	192",柳林,2019-09-11,1.8,0.8,7:40
"	192",柳林,2019-09-12,0.5,0.3,17:03
"	192",柳林,2019-09-13,,,
"	192",柳林,2019-09-14,,,
"	192",柳林,2019-09-15,,,
"	192",柳林,2019-09-16,,,
"	192",柳林,2019-09-17,,,
"	192",柳林,2019-09-18,,,
"	192",柳林,2019-09-19,,,
"	192",柳林,2019-09-20,,,
"	192",柳林,2019-09-21,74.5,10.5,14:28
"	192",柳林,2019-09-22,99.2,10.4,6:44
"	192",柳林,2019-09-23,0.1,0.1,
"	192",柳林,2019-09-24,,,
"	192",柳林,2019-09-25,,,
"	192",柳林,2019-09-26,,,
"	192",柳林,2019-09-27,3.4,1.5,21:33
"	192",柳林,2019-09-28,1.2,0.9,0:01
"	192",柳林,2019-09-29,,,
"	192",柳林,2019-09-30,0,0,
"	192",柳林,2019-10-01,16.5,6.2,8:46
"	192",柳林,2019-10-02,139.6,31.3,14:14
"	192",柳林,2019-10-03,4.1,2.9,0:34
"	192",柳林,2019-10-04,,,
"	192",柳林,2019-10-05,,,
"	192",柳林,2019-10-06,,,
"	192",柳林,2019-10-07,7.4,3.5,16:31
"	192",柳林,2019-10-08,,,
"	192",柳林,2019-10-09,,,
"	192",柳林,2019-10-10,,,
"	192",柳林,2019-10-11,,,
"	192",柳林,2019-10-12,,,
"	192",柳林,2019-10-13,,,
"	192",柳林,2019-10-14,,,
"	192",柳林,2019-10-15,,,
"	192",柳林,2019-10-16,,,
"	192",柳林,2019-10-17,,,
"	192",柳林,2019-10-18,9.8,3.6,12:26
"	192",柳林,2019-10-19,,,
"	192",柳林,2019-10-20,,,
"	192",柳林,2019-10-21,,,
"	192",柳林,2019-10-22,,,
"	192",柳林,2019-10-23,0,0,
"	192",柳林,2019-10-24,,,
"	192",柳林,2019-10-25,,,
"	192",柳林,2019-10-26,,,
"	192",柳林,2019-10-27,,,
"	192",柳林,2019-10-28,,,
"	192",柳林,2019-10-29,,,
"	192",柳林,2019-10-30,,,
"	192",柳林,2019-10-31,,,
"	192",柳林,2019-11-01,,,
"	192",柳林,2019-11-02,,,
"	192",柳林,2019-11-03,,,
"	192",柳林,2019-11-04,,,
"	192",柳林,2019-11-05,,,
"	192",柳林,2019-11-06,,,
"	192",柳林,2019-11-07,,,
"	192",柳林,2019-11-08,,,
"	192",柳林,2019-11-09,,,
"	192",柳林,2019-11-10,8.1,,
"	192",柳林,2019-11-11,0,,
"	192",柳林,2019-11-12,,,
"	192",柳林,2019-11-13,0,,
"	192",柳林,2019-11-14,,,
"	192",柳林,2019-11-15,,,
"	192",柳林,2019-11-16,,,
"	192",柳林,2019-11-17,0.5,,
"	192",柳林,2019-11-18,12.8,,
"	192",柳林,2019-11-19,,,
"	192",柳林,2019-11-20,,,
"	192",柳林,2019-11-21,,,
"	192",柳林,2019-11-22,,,
"	192",柳林,2019-11-23,,,
"	192",柳林,2019-11-24,0.1,,
"	192",柳林,2019-11-25,,,
"	192",柳林,2019-11-26,,,
"	192",柳林,2019-11-27,,,
"	192",柳林,2019-11-28,,,
"	192",柳林,2019-11-29,,,
"	192",柳林,2019-11-30,,,
"	192",柳林,2019-12-01,26.7,,
"	192",柳林,2019-12-02,,,
"	192",柳林,2019-12-03,,,
"	192",柳林,2019-12-04,,,
"	192",柳林,2019-12-05,,,
"	192",柳林,2019-12-06,,,
"	192",柳林,2019-12-07,,,
"	192",柳林,2019-12-08,,,
"	192",柳林,2019-12-09,,,
"	192",柳林,2019-12-10,,,
"	192",柳林,2019-12-11,,,
"	192",柳林,2019-12-12,,,
"	192",柳林,2019-12-13,,,
"	192",柳林,2019-12-14,,,
"	192",柳林,2019-12-15,,,
"	192",柳林,2019-12-16,,,
"	192",柳林,2019-12-17,0,,
"	192",柳林,2019-12-18,,,
"	192",柳林,2019-12-19,,,
"	192",柳林,2019-12-20,,,
"	192",柳林,2019-12-21,,,
"	192",柳林,2019-12-22,,,
"	192",柳林,2019-12-23,,,
"	192",柳林,2019-12-24,,,
"	192",柳林,2019-12-25,,,
"	192",柳林,2019-12-26,1.2,,
"	192",柳林,2019-12-27,,,
"	192",柳林,2019-12-28,,,
"	192",柳林,2019-12-29,13,,
"	192",柳林,2019-12-30,0.6,,
"	192",柳林,2019-12-31,,,
"	192",柳林,2020-01-01,,,
"	192",柳林,2020-01-02,,,
"	192",柳林,2020-01-03,,,
"	192",柳林,2020-01-04,,,
"	192",柳林,2020-01-05,,,
"	192",柳林,2020-01-06,13.8,,
"	192",柳林,2020-01-07,40.3,,
"	192",柳林,2020-01-08,,,
"	192",柳林,2020-01-09,,,
"	192",柳林,2020-01-10,,,
"	192",柳林,2020-01-11,,,
"	192",柳林,2020-01-12,,,
"	192",柳林,2020-01-13,,,
"	192",柳林,2020-01-14,,,
"	192",柳林,2020-01-15,,,
"	192",柳林,2020-01-16,,,
"	192",柳林,2020-01-17,,,
"	192",柳林,2020-01-18,,,
"	192",柳林,2020-01-19,,,
"	192",柳林,2020-01-20,,,
"	192",柳林,2020-01-21,,,
"	192",柳林,2020-01-22,20.1,,
"	192",柳林,2020-01-23,7.9,,
"	192",柳林,2020-01-24,,,
"	192",柳林,2020-01-25,,,
"	192",柳林,2020-01-26,,,
"	192",柳林,2020-01-27,22.8,,
"	192",柳林,2020-01-28,0.3,,
"	192",柳林,2020-01-29,0.5,,
"	192",柳林,2020-01-30,,,
"	192",柳林,2020-01-31,,,
"	192",柳林,2020-02-01,,,
"	192",柳林,2020-02-02,,,
"	192",柳林,2020-02-03,,,
"	192",柳林,2020-02-04,,,
"	192",柳林,2020-02-05,,,
"	192",柳林,2020-02-06,,,
"	192",柳林,2020-02-07,,,
"	192",柳林,2020-02-08,,,
"	192",柳林,2020-02-09,,,
"	192",柳林,2020-02-10,,,
"	192",柳林,2020-02-11,,,
"	192",柳林,2020-02-12,20.8,,
"	192",柳林,2020-02-13,,,
"	192",柳林,2020-02-14,,,
"	192",柳林,2020-02-15,0.5,,
"	192",柳林,2020-02-16,4,,
"	192",柳林,2020-02-17,,,
"	192",柳林,2020-02-18,,,
"	192",柳林,2020-02-19,,,
"	192",柳林,2020-02-20,,,
"	192",柳林,2020-02-21,1.3,,
"	192",柳林,2020-02-22,0.5,,
"	192",柳林,2020-02-23,,,
"	192",柳林,2020-02-24,0.6,,
"	192",柳林,2020-02-25,17.1,,
"	192",柳林,2020-02-26,,,
"	192",柳林,2020-02-27,,,
"	192",柳林,2020-02-28,1.3,,
"	192",柳林,2020-02-29,,,
"	192",柳林,2020-03-01,0,,
"	192",柳林,2020-03-02,,,
"	192",柳林,2020-03-03,,,
"	192",柳林,2020-03-04,0,,
"	192",柳林,2020-03-05,,,
"	192",柳林,2020-03-06,,,
"	192",柳林,2020-03-07,3.9,,
"	192",柳林,2020-03-08,,,
"	192",柳林,2020-03-09,7.4,,
"	192",柳林,2020-03-10,10.3,,
"	192",柳林,2020-03-11,,,
"	192",柳林,2020-03-12,,,
"	192",柳林,2020-03-13,,,
"	192",柳林,2020-03-14,,,
"	192",柳林,2020-03-15,0,,
"	192",柳林,2020-03-16,,,
"	192",柳林,2020-03-17,,,
"	192",柳林,2020-03-18,,,
"	192",柳林,2020-03-19,,,
"	192",柳林,2020-03-20,,,
"	192",柳林,2020-03-21,,,
"	192",柳林,2020-03-22,,,
"	192",柳林,2020-03-23,,,
"	192",柳林,2020-03-24,,,
"	192",柳林,2020-03-25,,,
"	192",柳林,2020-03-26,18.6,,
"	192",柳林,2020-03-27,0.9,,
"	192",柳林,2020-03-28,,,
"	192",柳林,2020-03-29,,,
"	192",柳林,2020-03-30,,,
"	192",柳林,2020-03-31,,,
"	192",柳林,2020-04-01,0.4,0.3,2:29
"	192",柳林,2020-04-02,,,
"	192",柳林,2020-04-03,,,
"	192",柳林,2020-04-04,,,
"	192",柳林,2020-04-05,,,
"	192",柳林,2020-04-06,,,
"	192",柳林,2020-04-07,,,
"	192",柳林,2020-04-08,,,
"	192",柳林,2020-04-09,,,
"	192",柳林,2020-04-10,0,0,
"	192",柳林,2020-04-11,4.2,1.3,19:53
"	192",柳林,2020-04-12,4.4,0.8,0:24
"	192",柳林,2020-04-13,,,
"	192",柳林,2020-04-14,,,
"	192",柳林,2020-04-15,,,
"	192",柳林,2020-04-16,,,
"	192",柳林,2020-04-17,28.9,6.4,11:44
"	192",柳林,2020-04-18,,,
"	192",柳林,2020-04-19,30,6.2,16:37
"	192",柳林,2020-04-20,,,
"	192",柳林,2020-04-21,,,
"	192",柳林,2020-04-22,,,
"	192",柳林,2020-04-23,,,
"	192",柳林,2020-04-24,,,
"	192",柳林,2020-04-25,,,
"	192",柳林,2020-04-26,,,
"	192",柳林,2020-04-27,,,
"	192",柳林,2020-04-28,,,
"	192",柳林,2020-04-29,,,
"	192",柳林,2020-04-30,,,
"	192",柳林,2020-05-01,,,
"	192",柳林,2020-05-02,1.3,1.2,22:47
"	192",柳林,2020-05-03,29.5,11.8,10:06
"	192",柳林,2020-05-04,,,
"	192",柳林,2020-05-05,,,
"	192",柳林,2020-05-06,,,
"	192",柳林,2020-05-07,,,
"	192",柳林,2020-05-08,0,0,
"	192",柳林,2020-05-09,45.9,5.5,7:03
"	192",柳林,2020-05-10,,,
"	192",柳林,2020-05-11,,,
"	192",柳林,2020-05-12,,,
"	192",柳林,2020-05-13,,,
"	192",柳林,2020-05-14,,,
"	192",柳林,2020-05-15,17.8,3.4,6:58
"	192",柳林,2020-05-16,0.8,0.5,2:35
"	192",柳林,2020-05-17,,,
"	192",柳林,2020-05-18,13.6,9.3,21:03
"	192",柳林,2020-05-19,0,0,
"	192",柳林,2020-05-20,,,
"	192",柳林,2020-05-21,,,
"	192",柳林,2020-05-22,,,
"	192",柳林,2020-05-23,,,
"	192",柳林,2020-05-24,,,
"	192",柳林,2020-05-25,,,
"	192",柳林,2020-05-26,,,
"	192",柳林,2020-05-27,,,
"	192",柳林,2020-05-28,,,
"	192",柳林,2020-05-29,,,
"	192",柳林,2020-05-30,,,
"	192",柳林,2020-05-31,1.2,0.8,4:43
"	192",柳林,2020-06-01,,,
"	192",柳林,2020-06-02,0,0,
"	192",柳林,2020-06-03,,,
"	192",柳林,2020-06-04,,,
"	192",柳林,2020-06-05,,,
"	192",柳林,2020-06-06,2.5,2.5,16:45
"	192",柳林,2020-06-07,,,
"	192",柳林,2020-06-08,,,
"	192",柳林,2020-06-09,,,
"	192",柳林,2020-06-10,0.4,0.4,23:04
"	192",柳林,2020-06-11,3.2,1.4,1:15
"	192",柳林,2020-06-12,11.2,11.5,23:06
"	192",柳林,2020-06-13,39.6,10.5,3:04
"	192",柳林,2020-06-14,11.6,4,8:06
"	192",柳林,2020-06-15,,,
"	192",柳林,2020-06-16,,,
"	192",柳林,2020-06-17,0.5,0.4,23:01
"	192",柳林,2020-06-18,38.5,5.3,13:24
"	192",柳林,2020-06-19,2.2,1.3,1:21
"	192",柳林,2020-06-20,,,
"	192",柳林,2020-06-21,,,
"	192",柳林,2020-06-22,,,
"	192",柳林,2020-06-23,,,
"	192",柳林,2020-06-24,26.9,6.8,17:07
"	192",柳林,2020-06-25,2.9,1.7,13:52
"	192",柳林,2020-06-26,,,
"	192",柳林,2020-06-27,,,
"	192",柳林,2020-06-28,,,
"	192",柳林,2020-06-29,92.6,26.8,21:46
"	192",柳林,2020-06-30,2.1,1.5,0:18
"	192",柳林,2020-07-01,,,
"	192",柳林,2020-07-02,,,
"	192",柳林,2020-07-03,10.4,5.9,20:14
"	192",柳林,2020-07-04,,,
"	192",柳林,2020-07-05,,,
"	192",柳林,2020-07-06,0,0,
"	192",柳林,2020-07-07,,,
"	192",柳林,2020-07-08,,,
"	192",柳林,2020-07-09,2.6,2,21:55
"	192",柳林,2020-07-10,62.6,15.6,3:26
"	192",柳林,2020-07-11,,,
"	192",柳林,2020-07-12,71,15.1,22:37
"	192",柳林,2020-07-13,121.1,18.4,5:38
"	192",柳林,2020-07-14,7.9,2.5,21:35
"	192",柳林,2020-07-15,7.5,1.5,12:32
"	192",柳林,2020-07-16,,,
"	192",柳林,2020-07-17,,,
"	192",柳林,2020-07-18,,,
"	192",柳林,2020-07-19,6.6,4.1,8:10
"	192",柳林,2020-07-20,0.7,0.3,9:02
"	192",柳林,2020-07-21,8.3,7.1,1:52
"	192",柳林,2020-07-22,36.1,13.4,2:48
"	192",柳林,2020-07-23,102.8,30.6,20:37
"	192",柳林,2020-07-24,9.3,4.6,15:46
"	192",柳林,2020-07-25,5.2,4.3,14:18
"	192",柳林,2020-07-26,,,
"	192",柳林,2020-07-27,41.4,13.3,16:08
"	192",柳林,2020-07-28,21.9,7.3,2:44
"	192",柳林,2020-07-29,23.7,13.9,12:55
"	192",柳林,2020-07-30,48.4,40.1,12:11
"	192",柳林,2020-07-31,,,
"	192",柳林,2020-08-01,,,
"	192",柳林,2020-08-02,,,
"	192",柳林,2020-08-03,,,
"	192",柳林,2020-08-04,,,
"	192",柳林,2020-08-05,26.6,14,20:19
"	192",柳林,2020-08-06,11.8,6.7,11:52
"	192",柳林,2020-08-07,90.3,18,7:46
"	192",柳林,2020-08-08,107.5,53.7,0:58
"	192",柳林,2020-08-09,1.1,0.5,0:20
"	192",柳林,2020-08-10,68.9,21.3,6:06
"	192",柳林,2020-08-11,21.9,16.2,12:51
"	192",柳林,2020-08-12,1.8,1,
"	192",柳林,2020-08-13,,,
"	192",柳林,2020-08-14,,,
"	192",柳林,2020-08-15,,,
"	192",柳林,2020-08-16,,,
"	192",柳林,2020-08-17,,,
"	192",柳林,2020-08-18,,,
"	192",柳林,2020-08-19,,,
"	192",柳林,2020-08-20,,,
"	192",柳林,2020-08-21,,,
"	192",柳林,2020-08-22,,,
"	192",柳林,2020-08-23,,,
"	192",柳林,2020-08-24,,,
"	192",柳林,2020-08-25,0,0,
"	192",柳林,2020-08-26,8.3,3.5,17:48
"	192",柳林,2020-08-27,14.6,6.1,2:33
"	192",柳林,2020-08-28,0.8,0.7,0:14
"	192",柳林,2020-08-29,0.9,0.6,
"	192",柳林,2020-08-30,0,0,
"	192",柳林,2020-08-31,2.2,2.2,6:14
"	192",柳林,2020-09-01,0,0,
"	192",柳林,2020-09-02,49.9,13.6,22:05
"	192",柳林,2020-09-03,50.5,29,0:15
"	192",柳林,2020-09-04,,,
"	192",柳林,2020-09-05,7.3,1.8,22:32
"	192",柳林,2020-09-06,7.9,3.3,20:54
"	192",柳林,2020-09-07,49.9,12.7,5:01
"	192",柳林,2020-09-08,0.5,0.5,15:03
"	192",柳林,2020-09-09,10.8,9.8,6:55
"	192",柳林,2020-09-10,10.5,8.8,1:26
"	192",柳林,2020-09-11,3.3,1.1,22:44
"	192",柳林,2020-09-12,2.4,2.3,0:45
"	192",柳林,2020-09-13,0.4,0.2,
"	192",柳林,2020-09-14,,,
"	192",柳林,2020-09-15,,,
"	192",柳林,2020-09-16,1.8,1.5,4:17
"	192",柳林,2020-09-17,3.7,0.6,9:44
"	192",柳林,2020-09-18,1.1,0.3,2:36
"	192",柳林,2020-09-19,,,
"	192",柳林,2020-09-20,,,
"	192",柳林,2020-09-21,,,
"	192",柳林,2020-09-22,,,
"	192",柳林,2020-09-23,,,
"	192",柳林,2020-09-24,0,0,
"	192",柳林,2020-09-25,,,
"	192",柳林,2020-09-26,,,
"	192",柳林,2020-09-27,,,
"	192",柳林,2020-09-28,,,
"	192",柳林,2020-09-29,,,
"	192",柳林,2020-09-30,,,
"	192",柳林,2020-10-01,,,
"	192",柳林,2020-10-02,,,
"	192",柳林,2020-10-03,0,0,
"	192",柳林,2020-10-04,0.2,0.2,
"	192",柳林,2020-10-05,,,
"	192",柳林,2020-10-06,,,
"	192",柳林,2020-10-07,,,
"	192",柳林,2020-10-08,,,
"	192",柳林,2020-10-09,,,
"	192",柳林,2020-10-10,,,
"	192",柳林,2020-10-11,,,
"	192",柳林,2020-10-12,,,
"	192",柳林,2020-10-13,,,
"	192",柳林,2020-10-14,,,
"	192",柳林,2020-10-15,,,
"	192",柳林,2020-10-16,0,0,
"	192",柳林,2020-10-17,,,
"	192",柳林,2020-10-18,,,
"	192",柳林,2020-10-19,,,
"	192",柳林,2020-10-20,,,
"	192",柳林,2020-10-21,27.6,6.3,19:20
"	192",柳林,2020-10-22,0.8,0.8,0:02
"	192",柳林,2020-10-23,,,
"	192",柳林,2020-10-24,,,
"	192",柳林,2020-10-25,,,
"	192",柳林,2020-10-26,,,
"	192",柳林,2020-10-27,,,
"	192",柳林,2020-10-28,0,0,
"	192",柳林,2020-10-29,,,
"	192",柳林,2020-10-30,,,
"	192",柳林,2020-10-31,,,
"	192",柳林,2020-11-01,0.4,,
"	192",柳林,2020-11-02,1.9,,
"	192",柳林,2020-11-03,,,
"	192",柳林,2020-11-04,,,
"	192",柳林,2020-11-05,,,
"	192",柳林,2020-11-06,0,,
"	192",柳林,2020-11-07,,,
"	192",柳林,2020-11-08,,,
"	192",柳林,2020-11-09,,,
"	192",柳林,2020-11-10,,,
"	192",柳林,2020-11-11,,,
"	192",柳林,2020-11-12,,,
"	192",柳林,2020-11-13,,,
"	192",柳林,2020-11-14,,,
"	192",柳林,2020-11-15,,,
"	192",柳林,2020-11-16,,,
"	192",柳林,2020-11-17,0,,
"	192",柳林,2020-11-18,1.9,,
"	192",柳林,2020-11-19,20.4,,
"	192",柳林,2020-11-20,,,
"	192",柳林,2020-11-21,,,
"	192",柳林,2020-11-22,1,,
"	192",柳林,2020-11-23,,,
"	192",柳林,2020-11-24,,,
"	192",柳林,2020-11-25,,,
"	192",柳林,2020-11-26,,,
"	192",柳林,2020-11-27,,,
"	192",柳林,2020-11-28,,,
"	192",柳林,2020-11-29,,,
"	192",柳林,2020-11-30,,,
"	192",柳林,2020-12-01,,,
"	192",柳林,2020-12-02,,,
"	192",柳林,2020-12-03,,,
"	192",柳林,2020-12-04,,,
"	192",柳林,2020-12-05,,,
"	192",柳林,2020-12-06,,,
"	192",柳林,2020-12-07,,,
"	192",柳林,2020-12-08,,,
"	192",柳林,2020-12-09,,,
"	192",柳林,2020-12-10,,,
"	192",柳林,2020-12-11,,,
"	192",柳林,2020-12-12,,,
"	192",柳林,2020-12-13,0,,
"	192",柳林,2020-12-14,,,
"	192",柳林,2020-12-15,,,
"	192",柳林,2020-12-16,,,
"	192",柳林,2020-12-17,,,
"	192",柳林,2020-12-18,,,
"	192",柳林,2020-12-19,,,
"	192",柳林,2020-12-20,,,
"	192",柳林,2020-12-21,,,
"	192",柳林,2020-12-22,,,
"	192",柳林,2020-12-23,,,
"	192",柳林,2020-12-24,,,
"	192",柳林,2020-12-25,,,
"	192",柳林,2020-12-26,,,
"	192",柳林,2020-12-27,5.3,,
"	192",柳林,2020-12-28,,,
"	192",柳林,2020-12-29,3.8,,
"	192",柳林,2020-12-30,0.1,,
"	192",柳林,2020-12-31,,,
"	192",柳林,2021-01-01,,,
"	192",柳林,2021-01-02,,,
"	192",柳林,2021-01-03,,,
"	192",柳林,2021-01-04,,,
"	192",柳林,2021-01-05,,,
"	192",柳林,2021-01-06,,,
"	192",柳林,2021-01-07,,,
"	192",柳林,2021-01-08,,,
"	192",柳林,2021-01-09,,,
"	192",柳林,2021-01-10,,,
"	192",柳林,2021-01-11,,,
"	192",柳林,2021-01-12,,,
"	192",柳林,2021-01-13,,,
"	192",柳林,2021-01-14,,,
"	192",柳林,2021-01-15,,,
"	192",柳林,2021-01-16,,,
"	192",柳林,2021-01-17,,,
"	192",柳林,2021-01-18,0.2,,
"	192",柳林,2021-01-19,,,
"	192",柳林,2021-01-20,,,
"	192",柳林,2021-01-21,1.7,,
"	192",柳林,2021-01-22,1.2,,
"	192",柳林,2021-01-23,1.4,,
"	192",柳林,2021-01-24,0,,
"	192",柳林,2021-01-25,,,
"	192",柳林,2021-01-26,10.3,,
"	192",柳林,2021-01-27,,,
"	192",柳林,2021-01-28,,,
"	192",柳林,2021-01-29,,,
"	192",柳林,2021-01-30,,,
"	192",柳林,2021-01-31,1,,
"	192",柳林,2021-02-01,16,,
"	192",柳林,2021-02-02,,,
"	192",柳林,2021-02-03,,,
"	192",柳林,2021-02-04,,,
"	192",柳林,2021-02-05,,,
"	192",柳林,2021-02-06,,,
"	192",柳林,2021-02-07,,,
"	192",柳林,2021-02-08,,,
"	192",柳林,2021-02-09,,,
"	192",柳林,2021-02-10,,,
"	192",柳林,2021-02-11,,,
"	192",柳林,2021-02-12,,,
"	192",柳林,2021-02-13,,,
"	192",柳林,2021-02-14,3.7,,
"	192",柳林,2021-02-15,0,,
"	192",柳林,2021-02-16,0,,
"	192",柳林,2021-02-17,,,
"	192",柳林,2021-02-18,,,
"	192",柳林,2021-02-19,,,
"	192",柳林,2021-02-20,,,
"	192",柳林,2021-02-21,,,
"	192",柳林,2021-02-22,,,
"	192",柳林,2021-02-23,,,
"	192",柳林,2021-02-24,,,
"	192",柳林,2021-02-25,2.6,,
"	192",柳林,2021-02-26,2.4,,
"	192",柳林,2021-02-27,,,
"	192",柳林,2021-02-28,0.2,,
"	192",柳林,2021-03-01,38.6,,
"	192",柳林,2021-03-02,1.9,,
"	192",柳林,2021-03-03,,,
"	192",柳林,2021-03-04,7.5,,
"	192",柳林,2021-03-05,,,
"	192",柳林,2021-03-06,,,
"	192",柳林,2021-03-07,,,
"	192",柳林,2021-03-08,,,
"	192",柳林,2021-03-09,,,
"	192",柳林,2021-03-10,,,
"	192",柳林,2021-03-11,0.7,,
"	192",柳林,2021-03-12,25.2,,
"	192",柳林,2021-03-13,,,
"	192",柳林,2021-03-14,,,
"	192",柳林,2021-03-15,0.3,,
"	192",柳林,2021-03-16,1.8,,
"	192",柳林,2021-03-17,,,
"	192",柳林,2021-03-18,,,
"	192",柳林,2021-03-19,,,
"	192",柳林,2021-03-20,12.8,,
"	192",柳林,2021-03-21,,,
"	192",柳林,2021-03-22,,,
"	192",柳林,2021-03-23,,,
"	192",柳林,2021-03-24,,,
"	192",柳林,2021-03-25,,,
"	192",柳林,2021-03-26,,,
"	192",柳林,2021-03-27,68.4,,
"	192",柳林,2021-03-28,2,,
"	192",柳林,2021-03-29,,,
"	192",柳林,2021-03-30,,,
"	192",柳林,2021-03-31,,,
"	192",柳林,2021-04-01,,,
"	192",柳林,2021-04-02,0,0,
"	192",柳林,2021-04-03,35.6,7.9,16:28
"	192",柳林,2021-04-04,7.9,5.1,7:14
"	192",柳林,2021-04-05,,,
"	192",柳林,2021-04-06,,,
"	192",柳林,2021-04-07,,,
"	192",柳林,2021-04-08,,,
"	192",柳林,2021-04-09,,,
"	192",柳林,2021-04-10,,,
"	192",柳林,2021-04-11,,,
"	192",柳林,2021-04-12,35.5,5.6,16:23
"	192",柳林,2021-04-13,2.2,1.8,0:01
"	192",柳林,2021-04-14,,,
"	192",柳林,2021-04-15,,,
"	192",柳林,2021-04-16,,,
"	192",柳林,2021-04-17,,,
"	192",柳林,2021-04-18,,,
"	192",柳林,2021-04-19,,,
"	192",柳林,2021-04-20,,,
"	192",柳林,2021-04-21,,,
"	192",柳林,2021-04-22,,,
"	192",柳林,2021-04-23,,,
"	192",柳林,2021-04-24,,,
"	192",柳林,2021-04-25,,,
"	192",柳林,2021-04-26,,,
"	192",柳林,2021-04-27,,,
"	192",柳林,2021-04-28,,,
"	192",柳林,2021-04-29,0,0,
"	192",柳林,2021-04-30,1,0.7,23:00
"	192",柳林,2021-05-01,10.2,4.2,1:38
"	192",柳林,2021-05-02,,,
"	192",柳林,2021-05-03,,,
"	192",柳林,2021-05-04,50.5,15.4,19:40
"	192",柳林,2021-05-05,,,
"	192",柳林,2021-05-06,,,
"	192",柳林,2021-05-07,,,
"	192",柳林,2021-05-08,,,
"	192",柳林,2021-05-09,,,
"	192",柳林,2021-05-10,0,0,
"	192",柳林,2021-05-11,,,
"	192",柳林,2021-05-12,,,
"	192",柳林,2021-05-13,,,
"	192",柳林,2021-05-14,,,
"	192",柳林,2021-05-15,11.7,6.8,8:09
"	192",柳林,2021-05-16,16.8,5.9,10:34
"	192",柳林,2021-05-17,1.3,0.4,14:27
"	192",柳林,2021-05-18,2.2,0.9,6:00
"	192",柳林,2021-05-19,,,
"	192",柳林,2021-05-20,21.8,5.8,10:03
"	192",柳林,2021-05-21,,,
"	192",柳林,2021-05-22,,,
"	192",柳林,2021-05-23,0,0,
"	192",柳林,2021-05-24,0.7,0.5,6:50
"	192",柳林,2021-05-25,0,0,
"	192",柳林,2021-05-26,0,0,
"	192",柳林,2021-05-27,1.1,0.6,0:22
"	192",柳林,2021-05-28,0,0,
"	192",柳林,2021-05-29,,,
"	192",柳林,2021-05-30,,,
"	192",柳林,2021-05-31,0.6,0.6,
"	192",柳林,2021-06-01,,,
"	192",柳林,2021-06-02,,,
"	192",柳林,2021-06-03,21,4,9:33
"	192",柳林,2021-06-04,1.6,0.8,1:50
"	192",柳林,2021-06-05,,,
"	192",柳林,2021-06-06,,,
"	192",柳林,2021-06-07,,,
"	192",柳林,2021-06-08,,,
"	192",柳林,2021-06-09,,,
"	192",柳林,2021-06-10,0,0,
"	192",柳林,2021-06-11,33.1,16.9,4:10
"	192",柳林,2021-06-12,,,
"	192",柳林,2021-06-13,,,
"	192",柳林,2021-06-14,,,
"	192",柳林,2021-06-15,27.5,6.6,16:15
"	192",柳林,2021-06-16,2.4,1.4,0:51
"	192",柳林,2021-06-17,2.3,1.5,20:42
"	192",柳林,2021-06-18,4.9,3.4,4:28
"	192",柳林,2021-06-19,,,
"	192",柳林,2021-06-20,,,
"	192",柳林,2021-06-21,,,
"	192",柳林,2021-06-22,8,5.9,15:06
"	192",柳林,2021-06-23,0.1,0.1,
"	192",柳林,2021-06-24,,,
"	192",柳林,2021-06-25,,,
"	192",柳林,2021-06-26,0.7,0.5,6:22
"	192",柳林,2021-06-27,,,
"	192",柳林,2021-06-28,0,0,
"	192",柳林,2021-06-29,0.1,0.1,
"	192",柳林,2021-06-30,,,
"	192",柳林,2021-07-01,,,
"	192",柳林,2021-07-02,,,
"	192",柳林,2021-07-03,58.7,11.5,13:14
"	192",柳林,2021-07-04,20.2,12,1:17
"	192",柳林,2021-07-05,39.6,14.5,21:16
"	192",柳林,2021-07-06,142.7,27.3,5:40
"	192",柳林,2021-07-07,65.3,29.3,14:33
"	192",柳林,2021-07-08,4.8,4.4,15:47
"	192",柳林,2021-07-09,9,6.6,0:52
"	192",柳林,2021-07-10,,,
"	192",柳林,2021-07-11,,,
"	192",柳林,2021-07-12,,,
"	192",柳林,2021-07-13,,,
"	192",柳林,2021-07-14,,,
"	192",柳林,2021-07-15,,,
"	192",柳林,2021-07-16,16.2,16.1,14:17
"	192",柳林,2021-07-17,0.2,0.2,
"	192",柳林,2021-07-18,,,
"	192",柳林,2021-07-19,1.1,0.7,4:17
"	192",柳林,2021-07-20,0,0,
"	192",柳林,2021-07-21,,,
"	192",柳林,2021-07-22,,,
"	192",柳林,2021-07-23,,,
"	192",柳林,2021-07-24,,,
"	192",柳林,2021-07-25,,,
"	192",柳林,2021-07-26,,,
"	192",柳林,2021-07-27,,,
"	192",柳林,2021-07-28,,,
"	192",柳林,2021-07-29,,,
"	192",柳林,2021-07-30,,,
"	192",柳林,2021-07-31,1.5,1.4,3:15
"	192",柳林,2021-08-01,,,
"	192",柳林,2021-08-02,,,
"	192",柳林,2021-08-03,,,
"	192",柳林,2021-08-04,,,
"	192",柳林,2021-08-05,,,
"	192",柳林,2021-08-06,,,
"	192",柳林,2021-08-07,78.8,64.2,21:41
"	192",柳林,2021-08-08,0.5,0.4,
"	192",柳林,2021-08-09,0,0,
"	192",柳林,2021-08-10,0,0,
"	192",柳林,2021-08-11,,,
"	192",柳林,2021-08-12,0.5,0.5,19:08
"	192",柳林,2021-08-13,0.5,0.2,
"	192",柳林,2021-08-14,11.2,2.1,6:15
"	192",柳林,2021-08-15,,,
"	192",柳林,2021-08-16,0,0,
"	192",柳林,2021-08-17,0,0,
"	192",柳林,2021-08-18,,,
"	192",柳林,2021-08-19,12,11.8,20:58
"	192",柳林,2021-08-20,0.3,0.3,
"	192",柳林,2021-08-21,72.7,17.8,19:04
"	192",柳林,2021-08-22,,,
"	192",柳林,2021-08-23,102.3,21.7,22:07
"	192",柳林,2021-08-24,20.7,12.9,9:20
"	192",柳林,2021-08-25,8.1,2.9,10:50
"	192",柳林,2021-08-26,,,
"	192",柳林,2021-08-27,1,0.7,16:40
"	192",柳林,2021-08-28,0,0,
"	192",柳林,2021-08-29,9.9,9.9,12:57
"	192",柳林,2021-08-30,1.7,1.7,19:41
"	192",柳林,2021-08-31,,,
"	192",柳林,2021-09-01,0.4,0.3,10:36
"	192",柳林,2021-09-02,5.1,1.6,16:07
"	192",柳林,2021-09-03,0.6,0.4,8:29
"	192",柳林,2021-09-04,,,
"	192",柳林,2021-09-05,0.5,0.4,13:40
"	192",柳林,2021-09-06,3.2,1.8,13:28
"	192",柳林,2021-09-07,0.5,0.3,10:18
"	192",柳林,2021-09-08,,,
"	192",柳林,2021-09-09,,,
"	192",柳林,2021-09-10,1,0.6,9:01
"	192",柳林,2021-09-11,,,
"	192",柳林,2021-09-12,,,
"	192",柳林,2021-09-13,,,
"	192",柳林,2021-09-14,4.2,2,7:01
"	192",柳林,2021-09-15,,,
"	192",柳林,2021-09-16,1.6,1.2,19:53
"	192",柳林,2021-09-17,14,5.6,6:21
"	",,,,,
"	",,,,,
"	",,,,,
"		",,,,,
"	",,,,,
"	",,,,,
